from,to,capacity,flow
21001,21045,221,221
21001,21087,227,0
21001,21207,233,18
21001,21217,229,0
21045,21021,203,68
21045,21137,204,193
21045,21155,196,0
21045,21217,203,0
21057,21001,256,36
21057,21053,265,223
21057,21169,252,0
21057,21207,251,22
21087,21001,233,0
21087,21099,236,0
21087,21123,233,0
21087,21169,232,0
21087,21217,239,0
21169,21001,255,203
21169,21057,241,0
21169,21087,245,0
21169,21099,245,0
21207,21045,218,40
21207,21053,220,0
21207,21231,208,0
21217,21001,213,0
21217,21045,210,0
21217,21087,216,0
21217,21123,208,0
21217,21155,215,0
21003,21009,298,298
21003,21171,285,285
21003,21213,296,13
21003,21227,304,304
21009,21061,269,0
21009,21099,270,270
21009,21169,279,199
21009,21171,275,0
21171,21009,294,0
21171,21057,281,281
21171,21169,292,4
21213,21141,333,13
21213,21227,332,0
21227,21009,285,171
21227,21031,303,87
21227,21061,292,46
21227,21141,296,0
21227,21213,299,0
21005,21073,169,164
21005,21167,173,0
21005,21211,168,0
21005,21229,167,0
21005,21239,172,80
21073,21103,167,0
21073,21187,166,56
21073,21209,164,164
21073,21239,170,0
21167,21005,174,0
21167,21021,176,0
21167,21079,169,0
21167,21113,169,0
21167,21229,171,0
21167,21239,173,0
21179,21005,183,183
21179,21029,187,0
21179,21123,185,0
21179,21155,186,0
21179,21215,188,32
21179,21229,186,0
21211,21005,173,0
21211,21073,171,56
21211,21103,175,0
21211,21185,174,0
21211,21215,180,0
21215,21005,182,61
21215,21111,179,0
21215,21211,186,0
21229,21005,183,0
21229,21021,185,0
21229,21155,189,0
21229,21167,184,0
21229,21179,184,0
21239,21067,162,47
21239,21073,160,0
21239,21113,160,0
21239,21167,160,0
21239,21209,159,33
21007,21039,969,0
21007,21145,977,0
21039,21007,1197,0
21039,21083,1194,0
21039,21105,1229,0
21039,21145,1189,0
21145,21007,655,0
21145,21039,640,0
21145,21083,638,0
21145,21139,625,0
21145,21157,639,0
21061,21009,262,0
21061,21031,258,0
21061,21085,262,0
21061,21099,263,46
21099,21085,219,0
21099,21087,231,0
21099,21093,228,200
21099,21123,237,116
21099,21169,225,0
21011,21069,132,98
21011,21165,137,0
21011,21173,137,0
21011,21181,128,0
21011,21205,137,0
21017,21011,145,98
21017,21097,150,0
21017,21173,146,0
21017,21181,151,0
21069,21135,137,98
21069,21161,135,0
21069,21181,136,0
21069,21201,136,0
21069,21205,139,0
21165,21011,145,0
21165,21173,142,0
21165,21175,140,0
21165,21197,140,0
21165,21205,140,0
21165,21237,140,0
21173,21011,143,0
21173,21017,137,0
21173,21165,140,0
21173,21181,133,0
21173,21197,140,0
21181,21011,147,0
21181,21017,156,0
21181,21069,152,0
21181,21097,152,0
21181,21173,146,0
21181,21201,157,0
21205,21011,131,0
21205,21043,128,0
21205,21063,126,0
21205,21069,130,0
21205,21135,126,0
21205,21165,126,0
21205,21175,126,0
21013,21095,199,199
21013,21131,189,0
21013,51105,186,28
21051,21013,175,4
21051,21121,186,0
21051,21131,181,0
21051,21189,184,0
21051,21193,179,96
21095,21131,184,0
21095,21133,174,125
21095,21193,168,0
21095,51105,183,0
21095,51195,170,74
21121,21013,203,35
21121,21051,202,0
21121,21125,202,0
21131,21013,165,0
21131,21051,171,0
21131,21095,170,0
21131,21193,175,0
21235,21013,188,188
21235,21121,200,35
21235,21125,201,0
51105,21095,171,0
51105,51169,176,28
51105,51195,172,0
21015,21077,185,0
21015,21081,185,0
21015,21117,191,0
21015,39061,183,0
21077,21015,186,0
21077,21041,193,0
21077,21081,189,0
21077,21187,189,0
21081,21015,170,0
21081,21077,174,0
21081,21097,170,0
21081,21117,171,0
21081,21191,172,56
21081,21209,173,0
21117,21015,184,0
21117,21037,181,0
21117,21081,177,0
21117,21191,177,0
21117,39061,178,0
39061,21015,180,0
39061,21037,179,0
39061,21117,182,0
39061,39017,183,0
39061,39025,181,0
39061,39165,183,0
21067,21017,152,47
21067,21113,151,0
21067,21151,150,0
21067,21209,153,0
21097,21017,164,0
21097,21023,155,146
21097,21081,157,0
21097,21181,161,0
21097,21191,160,0
21097,21201,159,0
21209,21017,156,51
21209,21067,160,0
21209,21081,156,0
21209,21097,157,146
21209,21187,154,0
21019,21043,117,0
21019,21089,113,0
21019,21127,111,0
21019,39087,112,0
21019,54099,111,0
21043,21019,122,0
21043,21063,120,0
21043,21089,120,0
21043,21127,115,0
21043,21135,117,0
21043,21205,120,0
21089,21019,122,0
21089,21043,123,0
21089,39087,121,98
21089,39145,122,0
21127,21019,121,0
21127,21043,119,0
21127,21063,120,0
21127,21115,124,0
21127,21159,119,0
21127,54099,123,123
39087,21019,118,0
39087,39053,117,98
39087,39079,112,0
39087,39145,112,0
39087,54011,121,0
39087,54099,110,0
54099,21019,116,0
54099,39087,109,0
54099,54011,118,100
54099,54043,111,75
54099,54059,108,0
21021,21079,184,184
21021,21137,186,0
21021,21167,187,0
21021,21229,182,0
21079,21113,173,0
21079,21151,176,176
21079,21167,171,0
21079,21203,169,22
21137,21021,185,0
21137,21079,187,14
21137,21203,179,179
21155,21021,193,116
21155,21045,183,0
21155,21179,191,0
21155,21217,195,0
21155,21229,195,0
21023,21161,155,0
21023,21191,149,0
21023,21201,153,0
21023,39015,146,146
21023,39025,141,0
21161,21023,150,0
21161,21069,145,0
21161,21135,140,0
21161,21201,147,0
21161,39001,137,0
21161,39015,143,0
21191,21023,167,0
21191,21037,176,0
21191,21097,169,0
21191,21117,167,0
21191,39025,161,56
21201,21023,153,0
21201,21069,151,0
21201,21097,150,0
21201,21161,153,0
21201,21181,156,0
39015,21161,154,0
39015,39001,156,0
39015,39027,152,0
39015,39071,152,147
39025,21023,152,0
39025,21037,161,0
39025,39015,163,1
39025,39027,161,55
39025,39061,162,0
39025,39165,162,0
21025,21119,154,154
21025,21153,151,0
21025,21189,152,0
21025,21193,159,0
21025,21237,160,0
21119,21071,152,133
21119,21133,149,0
21119,21153,141,0
21119,21195,138,117
21129,21025,160,154
21129,21189,168,0
21129,21197,162,0
21129,21237,164,123
21153,21025,128,0
21153,21071,136,0
21153,21115,141,0
21153,21119,130,0
21153,21175,133,0
21153,21237,134,0
21189,21025,170,0
21189,21051,173,0
21189,21109,176,0
21189,21129,181,0
21189,21193,163,0
21193,21025,160,0
21193,21095,139,0
21193,21119,163,96
21193,21131,157,0
21193,21133,156,0
21193,21189,147,0
21237,21025,147,0
21237,21153,145,0
21237,21165,146,0
21237,21175,151,123
21237,21197,147,0
21027,21085,256,0
21027,21091,265,0
21027,21093,257,0
21027,21163,262,0
21027,21183,256,0
21085,21027,235,0
21085,21061,238,0
21085,21093,239,100
21085,21099,229,0
21085,21183,236,0
21091,21027,289,0
21091,21059,285,0
21091,21183,284,0
21093,21027,214,0
21093,21029,214,29
21093,21111,204,56
21093,21123,218,0
21093,21163,216,0
21093,21179,215,215
21163,21027,227,0
21163,21093,224,0
21183,21027,280,0
21183,21031,289,0
21183,21059,288,0
21183,21085,280,0
21183,21091,285,0
21183,21177,277,0
21029,21111,198,0
21029,21179,195,0
21029,21215,191,29
21111,21029,190,0
21111,21185,191,0
21111,21211,186,56
21111,21215,185,0
21031,21061,275,0
21031,21085,278,100
21031,21177,279,0
21031,21183,285,0
21141,21031,344,13
21141,21177,337,0
21141,21219,353,0
21141,21227,346,0
21177,21031,316,0
21177,21047,312,0
21177,21107,313,0
21177,21141,313,0
21177,21183,310,0
21177,21219,322,0
21033,21047,394,0
21033,21055,407,0
21033,21107,404,0
21033,21143,391,0
21033,21221,395,0
21033,21233,401,0
21047,21033,370,0
21047,21107,376,0
21047,21177,375,0
21047,21219,397,0
21047,21221,389,0
21055,21033,528,0
21055,21139,535,0
21055,21143,488,0
21055,21225,518,0
21055,21233,523,0
21107,21033,368,0
21107,21047,364,0
21107,21177,364,0
21107,21233,374,0
21143,21033,594,0
21143,21055,571,0
21143,21139,597,0
21143,21157,603,0
21143,21221,596,0
21221,21033,467,0
21221,21035,469,0
21221,21047,488,0
21221,21143,464,0
21221,21157,459,0
21233,21033,432,0
21233,21055,437,0
21233,21101,444,0
21233,21107,447,0
21233,21225,442,0
21035,21083,713,0
21035,21157,731,0
21035,21221,694,0
21083,21035,844,0
21083,21039,853,0
21083,21105,867,0
21083,21145,841,0
21083,21157,849,0
21157,21035,602,0
21157,21083,586,0
21157,21139,571,0
21157,21143,572,0
21157,21145,585,0
21157,21221,560,0
21037,21117,168,0
21037,21191,174,0
21037,39025,164,0
21037,39061,162,0
21105,21039,1267,0
21105,21075,1272,0
21105,21083,1255,0
21041,21077,208,0
21041,21103,204,0
21041,21187,200,0
21041,21223,206,0
21103,21041,189,0
21103,21073,185,0
21103,21185,190,0
21103,21187,182,0
21103,21211,187,0
21103,21223,190,0
21187,21041,174,0
21187,21077,177,0
21187,21081,180,56
21187,21103,173,0
21187,21209,175,0
21223,21041,209,0
21223,21103,209,0
21223,21185,208,0
21063,21043,127,0
21063,21127,122,0
21063,21175,125,0
21063,21205,126,0
21135,21043,129,0
21135,21089,130,98
21135,21161,128,0
21135,21205,131,0
21135,39001,119,0
21135,39145,126,0
21219,21047,419,0
21219,21141,419,0
21219,21177,410,0
21049,21017,146,0
21049,21065,145,0
21049,21067,146,0
21049,21151,144,0
21049,21173,145,0
21049,21197,144,0
21065,21109,153,0
21065,21129,157,154
21065,21197,157,0
21151,21065,159,154
21151,21067,158,0
21151,21109,151,22
21151,21113,154,0
21151,21203,157,0
21197,21065,150,0
21197,21129,147,0
21197,21165,148,0
21197,21173,151,0
21197,21237,149,0
21109,21051,181,62
21109,21065,181,0
21109,21125,180,0
21109,21129,178,123
21109,21189,183,0
21125,21051,185,38
21125,21109,185,0
21125,21121,188,0
21125,21147,179,0
21125,21235,190,0
21053,21207,238,0
21053,21231,241,223
21231,21147,223,223
21231,21207,213,0
21139,21055,606,0
21139,21143,576,0
21139,21145,581,0
21139,21157,584,0
21225,21055,520,0
21225,21101,526,0
21225,21233,531,0
21059,21091,320,0
21059,21101,319,0
21059,21183,323,0
21101,21059,391,0
21101,21225,389,0
21101,21233,394,0
21175,21063,137,0
21175,21115,134,0
21175,21127,129,123
21175,21153,137,0
21175,21165,138,0
21175,21205,138,0
21113,21067,164,0
21113,21079,162,0
21113,21151,159,0
21113,21167,160,0
21113,21239,164,0
21071,21115,141,0
21071,21153,139,0
21071,21159,133,133
21071,21195,136,0
21115,21071,131,0
21115,21127,129,0
21115,21153,135,0
21115,21159,126,0
21115,21175,125,0
21159,21115,127,0
21159,21127,124,0
21159,54059,125,101
21159,54099,122,52
21195,21071,129,0
21195,21159,118,20
21195,51027,118,97
21195,51051,117,0
21195,51195,125,0
21195,54059,125,125
21075,21105,1574,0
21203,21109,163,163
21203,21125,169,38
21203,21151,172,0
21123,21087,217,0
21123,21093,217,0
21123,21155,206,116
21123,21179,216,0
21123,21217,213,0
39145,21089,129,0
39145,21135,124,0
39145,39001,124,0
39145,39079,129,0
39145,39087,122,0
39145,39131,133,0
21133,21119,152,0
21133,21193,147,0
21133,21195,143,125
21133,51195,151,0
51195,21133,149,0
51195,21195,142,0
51195,51051,145,0
51195,51105,143,0
51195,51167,136,74
51195,51169,142,0
51195,51720,157,0
21185,21103,193,0
21185,21111,194,0
21185,21211,188,0
21185,21223,192,0
21147,21125,207,0
21147,21235,225,223
39001,21135,129,0
39001,21161,137,0
39001,39015,144,0
39001,39071,142,0
39001,39131,145,0
39001,39145,140,0
21149,21059,353,0
21149,21101,344,0
21149,21107,341,0
21149,21177,338,0
21149,21183,338,0
21149,21233,338,0
54059,51027,92,0
54059,54043,105,105
54059,54045,116,20
54059,54047,95,0
54059,54099,104,0
54059,54109,101,101
51027,51051,138,0
51027,51167,141,0
51027,51185,141,19
51027,54047,134,78
51027,54059,119,0
51051,21195,147,0
51051,51027,153,0
51051,51167,155,0
51051,51195,161,0
21199,21045,181,0
21199,21125,186,0
21199,21137,187,0
21199,21147,186,0
21199,21203,187,0
21199,21207,185,0
21199,21231,184,0
39071,39001,147,0
39071,39027,149,0
39071,39047,148,0
39071,39131,145,0
39071,39141,147,147
39131,39001,130,0
39131,39071,128,0
39131,39079,134,0
39131,39141,132,0
39131,39145,136,0
39003,39011,230,0
39003,39063,227,0
39003,39065,226,0
39003,39137,233,0
39003,39161,232,0
39011,39003,216,0
39011,39065,206,0
39011,39091,211,0
39011,39107,219,0
39011,39149,220,0
39011,39161,214,0
39063,39003,241,0
39063,39065,239,0
39063,39069,226,0
39063,39137,234,0
39063,39147,225,0
39063,39173,236,0
39063,39175,237,0
39065,39003,202,0
39065,39011,196,0
39065,39063,206,0
39065,39091,202,0
39065,39101,198,0
39065,39159,196,0
39065,39175,205,0
39137,39003,261,0
39137,39039,254,0
39137,39063,252,0
39137,39069,257,0
39137,39125,256,0
39137,39161,257,0
39137,39173,246,0
39161,39003,258,0
39161,39011,253,0
39161,39107,257,0
39161,39125,261,0
39161,39137,256,0
39005,39075,184,0
39005,39077,194,0
39005,39083,184,0
39005,39093,183,0
39005,39103,195,0
39005,39139,194,0
39005,39169,193,0
39075,39005,154,0
39075,39031,160,0
39075,39083,162,0
39075,39151,152,0
39075,39157,156,0
39075,39169,165,0
39077,39005,224,0
39077,39033,221,0
39077,39093,213,0
39077,39139,220,0
39077,39143,216,0
39077,39147,222,0
39083,39005,162,0
39083,39031,167,0
39083,39041,161,0
39083,39075,170,0
39083,39089,167,0
39083,39117,167,0
39083,39139,165,0
39093,39005,198,0
39093,39035,210,0
39093,39077,199,0
39093,39103,202,0
39103,39005,187,0
39103,39035,181,0
39103,39093,179,0
39103,39153,185,0
39103,39169,183,0
39139,39005,189,0
39139,39033,189,0
39139,39077,186,0
39139,39083,184,0
39139,39117,190,0
39169,39005,175,0
39169,39075,177,0
39169,39103,173,0
39169,39151,167,0
39169,39153,168,0
39007,39055,226,0
39007,39155,235,0
39055,39007,193,0
39055,39035,204,0
39055,39133,207,0
39055,39153,194,0
39055,39155,200,0
39155,39007,203,0
39155,39055,203,0
39155,39099,208,0
39155,39133,204,0
39009,39105,126,0
39009,39115,115,0
39009,39127,115,0
39009,39163,122,0
39009,39167,116,0
39009,54107,117,89
39073,39009,133,89
39073,39045,132,0
39073,39127,131,0
39073,39163,134,0
39105,39009,120,0
39105,39053,115,0
39105,54035,113,113
39105,54053,116,0
39105,54107,112,0
39115,39009,124,0
39115,39119,131,0
39115,39121,129,0
39115,39127,130,0
39115,39167,131,0
39127,39009,136,0
39127,39045,145,0
39127,39073,142,0
39127,39089,139,0
39127,39115,141,0
39127,39119,143,0
39163,39009,132,0
39163,39053,127,0
39163,39073,134,0
39163,39079,132,0
39163,39105,128,113
39167,39009,117,0
39167,39111,112,0
39167,39115,121,0
39167,39121,120,0
39167,54073,120,0
39167,54095,111,0
39167,54107,123,0
54107,39105,112,0
54107,39167,117,0
54107,54035,113,0
54107,54073,115,0
54107,54085,115,89
54107,54105,118,0
39091,39011,185,0
39091,39021,189,0
39091,39065,187,0
39091,39149,191,0
39091,39159,190,0
39107,39011,243,0
39107,39037,229,0
39107,39149,233,0
39107,39161,240,0
39149,39011,198,0
39149,39021,188,0
39149,39037,186,0
39149,39091,196,0
39149,39107,189,0
39149,39109,199,0
39013,39059,145,0
39013,39067,145,0
39013,39081,141,0
39013,39111,138,0
39013,39121,137,0
39013,54051,144,0
39013,54069,150,0
39059,39013,135,0
39059,39031,129,0
39059,39067,132,0
39059,39119,137,0
39059,39121,134,0
39059,39157,132,0
39067,39013,152,0
39067,39019,157,0
39067,39059,148,0
39067,39081,157,0
39067,39157,158,0
39081,39013,158,0
39081,39019,163,0
39081,39029,157,0
39081,39067,167,0
39081,54009,166,0
39081,54029,163,0
39081,54069,159,0
39111,39013,131,0
39111,39121,138,0
39111,39167,127,0
39111,54051,130,0
39111,54095,132,0
39111,54103,132,0
39121,39013,121,0
39121,39059,130,0
39121,39111,129,0
39121,39115,127,0
39121,39119,126,0
39121,39167,127,0
54051,39013,158,0
54051,39111,150,0
54051,54069,158,0
54051,54103,145,0
54069,39013,159,0
54069,39081,152,0
54069,54009,160,0
54069,54051,154,0
39027,39015,152,0
39027,39047,156,55
39027,39057,160,0
39027,39071,156,0
39027,39165,159,0
39017,39061,189,0
39017,39113,187,0
39017,39135,189,0
39017,39165,189,0
39113,39017,171,0
39113,39023,168,0
39113,39037,170,0
39113,39057,173,0
39113,39109,173,0
39113,39135,176,0
39113,39165,167,0
39135,39017,193,0
39135,39037,193,0
39135,39113,197,0
39165,39017,164,0
39165,39025,163,0
39165,39027,167,0
39165,39057,166,0
39165,39061,165,0
39165,39113,160,0
39019,39029,163,0
39019,39067,168,0
39019,39081,165,0
39019,39151,162,0
39019,39157,163,0
39029,39019,183,0
39029,39081,180,0
39029,39099,194,0
39029,39151,183,0
39029,54029,188,0
39151,39019,160,0
39151,39029,161,0
39151,39075,154,0
39151,39099,160,0
39151,39133,164,0
39151,39153,163,0
39151,39157,159,0
39151,39169,158,0
39157,39019,145,0
39157,39031,143,0
39157,39059,145,0
39157,39067,150,0
39157,39075,141,0
39157,39151,143,0
39021,39023,178,0
39021,39091,177,0
39021,39097,175,0
39021,39109,175,0
39021,39149,173,0
39021,39159,177,0
39023,39021,164,0
39023,39057,165,0
39023,39097,168,0
39023,39109,160,0
39023,39113,159,0
39097,39021,158,0
39097,39023,165,0
39097,39047,160,0
39097,39049,163,0
39097,39057,158,0
39097,39129,158,0
39097,39159,163,0
39109,39021,185,0
39109,39023,179,0
39109,39037,182,0
39109,39113,183,0
39109,39149,189,0
39159,39021,169,0
39159,39041,177,0
39159,39049,172,0
39159,39065,172,0
39159,39091,174,0
39159,39097,170,0
39159,39101,180,0
39057,39023,154,0
39057,39027,155,0
39057,39047,155,0
39057,39097,150,0
39057,39113,153,0
39057,39165,154,0
39047,39057,148,0
39047,39071,144,0
39047,39097,146,0
39047,39129,143,55
39047,39141,145,0
39099,39029,201,0
39099,39133,191,0
39099,39151,189,0
39099,39155,196,0
54029,39029,186,0
54029,39081,185,0
54029,54009,182,0
39031,39059,148,0
39031,39075,150,0
39031,39083,150,0
39031,39089,146,0
39031,39119,148,0
39031,39157,148,0
39089,39031,156,0
39089,39041,158,0
39089,39045,160,0
39089,39049,159,0
39089,39083,160,0
39089,39119,157,0
39089,39127,157,0
39119,39031,135,0
39119,39059,144,0
39119,39089,135,0
39119,39115,138,0
39119,39121,135,0
39119,39127,139,0
39033,39077,200,0
39033,39101,201,0
39033,39117,200,0
39033,39139,203,0
39033,39147,197,0
39033,39175,205,0
39101,39033,184,0
39101,39041,187,0
39101,39065,178,0
39101,39117,188,0
39101,39159,185,0
39101,39175,183,0
39117,39033,174,0
39117,39041,177,0
39117,39083,173,0
39117,39101,179,0
39117,39139,177,0
39147,39033,228,0
39147,39063,227,0
39147,39077,230,0
39147,39143,239,0
39147,39173,228,0
39147,39175,232,0
39175,39033,213,0
39175,39063,210,0
39175,39065,206,0
39175,39101,205,0
39175,39147,206,0
39035,39055,189,0
39035,39093,191,0
39035,39103,186,0
39035,39133,188,0
39035,39153,191,0
39133,39035,181,0
39133,39055,185,0
39133,39099,178,0
39133,39151,183,0
39133,39153,184,0
39133,39155,180,0
39153,39035,174,0
39153,39055,164,0
39153,39103,173,0
39153,39133,172,0
39153,39151,171,0
39153,39169,166,0
39037,39107,193,0
39037,39109,200,0
39037,39113,198,0
39037,39135,201,0
39037,39149,194,0
39039,39069,329,0
39039,39125,325,0
39039,39137,323,0
39039,39171,334,0
39069,39039,293,0
39069,39051,297,0
39069,39063,284,0
39069,39095,275,0
39069,39137,290,0
39069,39171,288,0
39069,39173,301,0
39125,39039,294,0
39125,39137,296,0
39125,39161,303,0
39171,39039,391,0
39171,39051,390,0
39171,39069,376,0
39041,39049,169,0
39041,39083,158,0
39041,39089,162,0
39041,39101,170,0
39041,39117,168,0
39041,39159,167,0
39049,39041,156,0
39049,39045,154,0
39049,39089,150,0
39049,39097,154,0
39049,39129,154,0
39049,39159,152,0
39045,39049,146,0
39045,39073,143,0
39045,39089,143,0
39045,39127,146,0
39045,39129,143,0
39129,39045,140,0
39129,39049,143,0
39129,39073,137,55
39129,39097,138,0
39129,39141,144,0
39141,39047,133,0
39141,39073,127,34
39141,39079,132,0
39141,39129,135,0
39141,39131,135,0
39141,39163,130,113
39051,39069,349,0
39051,39095,324,0
39051,39171,349,0
39095,39051,307,0
39095,39069,304,0
39095,39173,318,0
39053,39079,119,0
39053,39105,115,0
39053,39163,111,0
39053,54011,109,0
39053,54053,119,98
39079,39053,125,0
39079,39087,114,0
39079,39131,125,0
39079,39141,122,0
39079,39145,122,0
39079,39163,121,0
54011,39053,104,0
54011,39087,106,0
54011,54043,103,0
54011,54053,105,0
54011,54079,110,100
54053,39105,109,0
54053,54011,103,0
54053,54035,104,98
54053,54079,111,0
39173,39063,261,0
39173,39069,264,0
39173,39095,251,0
39173,39137,244,0
39173,39143,254,0
39173,39147,251,0
39143,39077,255,0
39143,39147,271,0
39143,39173,262,0
54009,39081,167,0
54009,54029,161,0
54009,54069,168,0
54035,54039,100,100
54035,54079,102,0
54035,54087,111,111
54035,54105,105,0
54035,54107,106,0
54095,39111,131,0
54095,39167,126,0
54095,54017,131,0
54095,54073,134,0
54095,54085,129,0
54095,54103,136,0
54103,39111,139,0
54103,54017,134,0
54103,54033,144,0
54103,54049,141,0
54103,54051,134,0
54103,54061,130,0
54103,54095,146,0
54073,39167,123,0
54073,54085,128,0
54073,54095,122,0
54073,54107,124,0
51001,51103,914,0
51001,51115,1028,0
51001,51119,1020,0
51001,51131,1415,0
51001,51133,894,0
51103,51001,238,0
51103,51057,373,0
51103,51119,382,0
51103,51133,394,0
51103,51159,394,0
51115,51001,255,0
51115,51073,375,0
51115,51119,372,0
51115,51131,293,0
51115,51199,348,0
51119,51001,215,0
51119,51057,300,0
51119,51073,315,0
51119,51097,311,0
51119,51103,307,0
51119,51115,314,0
51119,51131,247,0
51119,51159,297,0
51131,51001,557,0
51131,51115,465,0
51131,51119,462,0
51131,51199,516,0
51131,51650,549,0
51131,51710,561,0
51131,51735,528,0
51131,51810,553,0
51133,51001,234,0
51133,51103,396,0
51133,51159,391,0
51133,51193,360,0
51003,51015,165,0
51003,51029,157,0
51003,51065,168,0
51003,51079,163,0
51003,51109,165,0
51003,51125,169,0
51003,51137,159,0
51003,51165,156,0
51003,51540,177,0
51015,51003,151,0
51015,51017,148,0
51015,51091,143,0
51015,51125,146,0
51015,51163,147,0
51015,51165,146,0
51015,51790,160,0
51015,51820,156,0
51015,54071,133,0
51029,51003,179,0
51029,51011,197,0
51029,51049,195,0
51029,51065,186,0
51029,51125,190,0
51029,51147,192,0
51065,51003,189,0
51065,51029,184,0
51065,51049,187,0
51065,51075,193,0
51065,51109,192,0
51079,51003,188,0
51079,51113,192,0
51079,51137,184,0
51079,51139,186,0
51079,51165,183,0
51109,51003,192,0
51109,51065,198,0
51109,51075,199,0
51109,51085,190,0
51109,51137,201,0
51109,51177,196,0
51125,51003,172,0
51125,51009,178,0
51125,51011,170,0
51125,51015,163,0
51125,51029,170,0
51125,51163,158,0
51137,51003,200,0
51137,51047,217,0
51137,51079,203,0
51137,51109,218,0
51137,51113,210,0
51137,51177,213,0
51165,51003,165,0
51165,51015,170,0
51165,51079,168,0
51165,51139,176,0
51165,51171,179,0
51165,51660,187,0
51165,54031,167,0
51165,54071,166,0
51540,51003,182,0
51005,51017,120,0
51005,51023,118,0
51005,51045,113,0
51005,51163,122,0
51005,51580,133,0
51005,54025,115,0
51005,54063,120,0
51017,51005,140,0
51017,51015,140,0
51017,51091,141,0
51017,51163,139,0
51017,54025,117,0
51017,54075,127,0
51023,51005,139,0
51023,51019,138,0
51023,51045,138,0
51023,51161,144,0
51023,51163,144,0
51045,51005,123,0
51045,51023,127,0
51045,51071,134,0
51045,51121,135,0
51045,51161,130,0
51045,54063,121,0
51163,51005,137,0
51163,51009,132,0
51163,51015,135,0
51163,51017,134,0
51163,51019,124,0
51163,51023,137,0
51163,51125,129,0
51163,51530,146,0
51163,51678,151,0
51580,51005,133,0
54025,51005,114,0
54025,51017,100,0
54025,54019,110,0
54025,54063,110,0
54025,54067,109,57
54025,54075,100,0
54025,54101,96,0
54063,51005,123,0
54063,51045,115,0
54063,51071,123,0
54063,54025,113,0
54063,54089,128,0
51007,51041,244,0
51007,51049,242,0
51007,51053,237,0
51007,51135,248,0
51007,51145,244,0
51007,51147,241,0
51041,51007,241,0
51041,51036,232,0
51041,51053,233,0
51041,51075,231,0
51041,51087,242,0
51041,51145,239,0
51041,51149,234,0
51041,51570,245,0
51041,51670,242,0
51041,51730,244,0
51041,51760,243,0
51049,51007,212,0
51049,51029,214,0
51049,51065,207,0
51049,51075,211,0
51049,51145,215,0
51049,51147,209,0
51053,51007,281,0
51053,51025,287,0
51053,51041,278,0
51053,51081,275,0
51053,51135,291,0
51053,51149,284,0
51053,51183,284,0
51053,51730,294,0
51135,51007,248,0
51135,51025,238,0
51135,51053,245,0
51135,51111,243,0
51135,51147,241,0
51145,51007,227,0
51145,51041,225,0
51145,51049,230,0
51145,51075,228,0
51145,51087,218,0
51147,51007,215,0
51147,51011,213,0
51147,51029,215,0
51147,51037,219,0
51147,51049,213,0
51147,51111,216,0
51147,51135,214,0
51009,51011,166,0
51009,51019,160,0
51009,51031,167,0
51009,51125,173,0
51009,51163,157,0
51009,51680,173,0
51011,51009,185,0
51011,51029,194,0
51011,51031,188,0
51011,51037,185,0
51011,51125,184,0
51011,51147,186,0
51019,51009,162,0
51019,51023,159,0
51019,51031,170,0
51019,51067,163,0
51019,51143,163,0
51019,51161,159,0
51019,51163,150,0
51019,51515,180,0
51019,51680,168,0
51031,51009,185,0
51031,51011,187,0
51031,51019,185,0
51031,51037,183,0
51031,51083,178,0
51031,51143,180,0
51031,51680,191,0
51680,51009,179,0
51680,51019,172,0
51680,51031,179,0
51037,51011,214,0
51037,51031,212,0
51037,51083,211,0
51037,51111,216,0
51037,51117,210,0
51037,51147,221,0
51013,51059,305,0
51013,51510,309,0
51013,51610,309,0
51059,51013,293,0
51059,51107,278,0
51059,51153,287,0
51059,51510,291,0
51059,51600,294,0
51059,51610,299,0
51510,51013,322,0
51510,51059,313,0
51610,51013,300,0
51610,51059,298,0
51091,51015,148,0
51091,51017,153,0
51091,54071,157,0
51091,54075,149,0
51790,51015,162,0
51820,51015,161,0
54071,51015,158,0
54071,51091,180,0
54071,51165,170,0
54071,54023,183,0
54071,54031,176,0
54071,54075,157,0
54071,54083,153,0
54075,51017,123,0
54075,51091,132,0
54075,54025,114,0
54075,54071,122,0
54075,54083,125,0
54075,54101,122,0
51067,51019,158,0
51067,51063,158,0
51067,51089,167,0
51067,51141,158,0
51067,51143,163,0
51067,51161,157,0
51143,51019,185,0
51143,51031,189,0
51143,51067,192,0
51143,51083,189,0
51143,51089,191,0
51143,51590,202,0
51161,51019,132,0
51161,51023,138,0
51161,51045,136,0
51161,51063,136,0
51161,51067,134,0
51161,51121,143,0
51161,51770,146,0
51161,51775,149,0
51515,51019,171,0
51021,51071,115,0
51021,51155,119,0
51021,51173,117,0
51021,51185,116,0
51021,51197,125,0
51021,54055,120,0
51071,51021,119,0
51071,51045,122,0
51071,51121,126,0
51071,51155,123,0
51071,54055,121,0
51071,54063,118,0
51071,54089,117,0
51155,51021,130,0
51155,51035,129,0
51155,51063,129,0
51155,51071,130,0
51155,51121,133,0
51155,51197,133,0
51155,51750,137,0
51173,51021,131,0
51173,51077,128,0
51173,51167,123,0
51173,51185,128,0
51173,51191,135,0
51173,51197,136,0
51185,51021,121,0
51185,51173,118,0
51185,54047,119,0
51185,54055,121,121
51197,51021,129,0
51197,51035,124,0
51197,51077,125,0
51197,51155,125,0
51197,51173,125,0
54055,51021,113,0
54055,51071,110,0
54055,54081,112,100
54055,54089,106,99
54055,54109,107,0
51025,51053,312,0
51025,51081,315,0
51025,51111,304,0
51025,51117,305,0
51025,51135,308,0
51081,51025,341,0
51081,51053,322,0
51081,51175,333,0
51081,51183,334,0
51081,51595,354,0
51111,51025,249,0
51111,51037,255,0
51111,51117,250,0
51111,51135,257,0
51111,51147,257,0
51117,51025,275,0
51117,51037,274,0
51117,51083,275,0
51117,51111,276,0
51167,51027,139,0
51167,51051,137,0
51167,51173,132,0
51167,51185,140,102
51167,51191,142,0
54047,51185,124,0
54047,54055,117,78
54047,54059,108,0
54047,54109,128,0
51083,51031,221,0
51083,51037,227,0
51083,51117,228,0
51083,51143,224,0
51033,51057,264,0
51033,51085,264,0
51033,51097,258,0
51033,51099,273,0
51033,51101,263,0
51033,51177,262,0
51033,51179,261,0
51057,51033,309,0
51057,51097,309,0
51057,51099,311,0
51057,51103,300,0
51057,51119,299,0
51057,51159,315,0
51057,51193,300,0
51085,51033,226,0
51085,51075,222,0
51085,51087,225,0
51085,51101,223,0
51085,51109,222,0
51085,51127,212,0
51085,51177,218,0
51097,51033,277,0
51097,51057,283,0
51097,51073,277,0
51097,51095,269,0
51097,51101,291,0
51097,51119,284,0
51097,51127,275,0
51099,51033,300,0
51099,51057,293,0
51099,51179,286,0
51099,51193,302,0
51101,51033,249,0
51101,51085,254,0
51101,51097,255,0
51101,51127,239,0
51177,51033,230,0
51177,51047,227,0
51177,51085,224,0
51177,51109,232,0
51177,51137,231,0
51177,51179,236,0
51177,51630,238,0
51179,51033,261,0
51179,51047,253,0
51179,51061,256,0
51179,51099,262,0
51179,51153,258,0
51179,51177,268,0
51179,51630,276,0
51035,51063,129,0
51035,51077,130,0
51035,51141,131,0
51035,51155,132,0
51035,51197,134,0
51035,51640,138,0
51063,51035,140,0
51063,51067,138,0
51063,51121,144,0
51063,51141,143,0
51063,51155,143,0
51063,51161,140,0
51077,51035,133,0
51077,51173,130,0
51077,51191,123,0
51077,51197,138,0
51077,51640,140,0
51141,51035,147,0
51141,51063,148,0
51141,51067,143,0
51141,51089,151,0
51640,51035,143,0
51640,51077,141,0
51036,51041,252,0
51036,51087,265,0
51036,51095,258,0
51036,51127,258,0
51036,51149,261,0
51036,51181,254,0
51087,51036,241,0
51087,51041,238,0
51087,51075,230,0
51087,51085,245,0
51087,51127,236,0
51087,51145,230,0
51087,51760,249,0
51095,51036,298,0
51095,51073,285,0
51095,51093,274,0
51095,51097,283,0
51095,51127,294,0
51095,51181,284,0
51095,51199,291,0
51095,51700,297,0
51095,51830,312,0
51127,51036,276,0
51127,51085,272,0
51127,51087,276,0
51127,51095,274,0
51127,51097,269,0
51127,51101,266,0
51149,51036,281,0
51149,51041,272,0
51149,51053,276,0
51149,51181,277,0
51149,51183,279,0
51149,51670,288,0
51149,51730,289,0
51181,51036,314,0
51181,51093,324,0
51181,51095,305,0
51181,51149,319,0
51181,51175,307,0
51181,51183,315,0
51181,51700,304,0
51075,51041,196,0
51075,51049,203,0
51075,51065,205,0
51075,51085,202,0
51075,51087,198,0
51075,51109,205,0
51075,51145,206,0
51570,51041,261,0
51570,51730,274,0
51670,51041,256,0
51670,51149,262,0
51730,51041,255,0
51730,51053,259,0
51730,51149,261,0
51730,51570,270,0
51760,51041,228,0
51760,51087,237,0
51043,51061,226,0
51043,51069,236,0
51043,51107,236,0
51043,51187,230,0
51043,54003,225,0
51043,54037,238,0
51061,51043,235,0
51061,51047,246,0
51061,51107,236,0
51061,51153,253,0
51061,51157,245,0
51061,51179,235,0
51061,51187,237,0
51069,51043,224,0
51069,51171,219,0
51069,51187,220,0
51069,51840,233,0
51069,54003,217,0
51069,54027,222,0
51069,54031,210,0
51069,54037,215,0
51069,54065,224,0
51107,51043,271,0
51107,51059,265,0
51107,51061,261,0
51107,51153,267,0
51107,54037,264,0
51187,51043,213,0
51187,51061,211,0
51187,51069,214,0
51187,51139,216,0
51187,51157,216,0
51187,51171,216,0
54003,51043,230,0
54003,51069,235,0
54003,54037,238,0
54003,54065,240,0
54037,51043,262,0
54037,51069,249,0
54037,51107,253,0
54037,54003,255,0
51121,51045,129,0
51121,51063,130,0
51121,51071,133,0
51121,51155,133,0
51121,51161,132,0
51121,51750,135,0
51047,51061,228,0
51047,51113,228,0
51047,51137,228,0
51047,51157,228,0
51047,51177,219,0
51047,51179,215,0
51113,51047,212,0
51113,51079,206,0
51113,51137,205,0
51113,51139,201,0
51113,51157,209,0
51157,51047,225,0
51157,51061,225,0
51157,51113,223,0
51157,51139,224,0
51157,51187,224,0
51183,51053,296,0
51183,51081,296,0
51183,51149,299,0
51183,51175,300,0
51183,51181,294,0
51159,51057,333,0
51159,51103,337,0
51159,51119,314,0
51159,51133,332,0
51159,51193,319,0
51193,51057,349,0
51193,51099,353,0
51193,51133,345,0
51193,51159,360,0
51153,51059,247,0
51153,51061,254,0
51153,51107,244,0
51153,51179,240,0
51153,51683,260,0
51153,51685,255,0
51600,51059,282,0
51089,51067,167,0
51089,51141,167,0
51089,51143,162,0
51089,51690,173,0
51171,51069,184,0
51171,51139,186,0
51171,51165,186,0
51171,51187,186,0
51171,54031,172,0
51840,51069,231,0
54027,51069,223,0
54027,54023,209,0
54027,54031,216,0
54027,54057,218,0
54027,54065,221,0
54031,51069,186,0
54031,51165,185,0
54031,51171,183,0
54031,54023,199,0
54031,54027,189,0
54031,54057,189,0
54031,54071,189,0
54065,51069,228,0
54065,54003,228,0
54065,54027,225,0
54089,51071,117,0
54089,54019,105,42
54089,54025,106,57
54089,54063,122,0
54089,54081,113,0
51073,51095,312,0
51073,51097,320,0
51073,51115,335,0
51073,51119,334,0
51073,51199,325,0
51199,51073,340,0
51199,51095,333,0
51199,51115,325,0
51199,51131,304,0
51199,51650,345,0
51199,51700,351,0
51199,51735,347,0
51199,51830,342,0
51191,51077,130,0
51191,51167,142,0
51191,51169,135,0
51191,51173,145,0
51191,51520,147,0
51139,51079,184,0
51139,51113,181,0
51139,51157,189,0
51139,51165,188,0
51139,51171,191,0
51139,51187,189,0
51175,51081,348,0
51175,51093,345,0
51175,51181,336,0
51175,51183,354,0
51175,51620,366,0
51175,51800,349,0
51595,51081,338,0
51690,51089,179,0
51093,51095,343,0
51093,51175,367,0
51093,51181,377,0
51093,51620,380,0
51093,51700,374,0
51093,51800,380,0
51620,51093,382,0
51620,51175,392,0
51700,51093,326,0
51700,51095,323,0
51700,51181,309,0
51700,51199,334,0
51700,51650,342,0
51700,51740,327,0
51700,51800,322,0
51800,51093,430,0
51800,51175,418,0
51800,51550,432,0
51800,51700,417,0
51800,51740,434,0
51830,51095,304,0
51830,51199,290,0
51169,51167,155,28
51169,51191,157,0
51169,51195,162,0
51750,51121,137,0
51750,51155,140,0
51650,51131,325,0
51650,51199,346,0
51650,51700,359,0
51650,51710,349,0
51650,51735,353,0
51650,51740,347,0
51650,51810,342,0
51710,51131,405,0
51710,51550,441,0
51710,51650,424,0
51710,51740,444,0
51710,51810,429,0
51735,51131,321,0
51735,51199,359,0
51735,51650,363,0
51810,51131,431,0
51810,51550,460,0
51810,51650,451,0
51810,51710,465,0
51590,51143,199,0
51683,51153,272,0
51683,51685,276,0
51685,51153,273,0
51685,51683,275,0
51770,51161,150,0
51770,51775,154,0
51775,51161,149,0
51775,51770,149,0
51530,51163,149,0
51678,51163,150,0
51660,51165,176,0
51630,51177,266,0
51630,51179,271,0
51520,51191,151,0
51720,51195,162,0
51550,51710,458,0
51550,51740,457,0
51550,51800,442,0
51550,51810,440,0
51740,51550,427,0
51740,51650,411,0
51740,51700,407,0
51740,51710,431,0
51740,51800,416,0
54001,54033,136,0
54001,54077,132,0
54001,54083,135,0
54001,54091,139,0
54001,54093,136,0
54001,54097,132,0
54033,54001,130,0
54033,54017,132,0
54033,54041,131,0
54033,54049,133,0
54033,54091,131,0
54033,54097,125,0
54033,54103,130,0
54077,54001,154,0
54077,54023,145,0
54077,54061,160,0
54077,54091,160,0
54077,54093,153,0
54083,54001,139,0
54083,54023,119,0
54083,54071,117,0
54083,54075,125,0
54083,54093,134,0
54083,54097,136,0
54083,54101,122,0
54091,54001,142,0
54091,54033,139,0
54091,54049,138,0
54091,54061,140,0
54091,54077,140,0
54093,54001,147,0
54093,54023,143,0
54093,54077,142,0
54093,54083,142,0
54097,54001,129,0
54097,54033,127,0
54097,54041,131,0
54097,54083,130,0
54097,54101,119,0
54005,54039,100,100
54005,54081,101,0
54005,54109,0,0
54043,54005,106,80
54043,54011,107,0
54043,54039,100,100
54043,54045,105,0
54043,54079,108,0
54045,54005,108,20
54045,54043,105,0
54045,54109,111,0
54081,54005,97,0
54081,54019,104,101
54081,54039,100,100
54081,54089,97,0
54109,54005,109,0
54109,54045,108,0
54109,54047,113,0
54109,54055,109,0
54109,54081,115,101
54007,54013,108,0
54007,54015,109,0
54007,54021,112,0
54007,54041,112,0
54007,54067,113,0
54007,54101,106,0
54013,54007,107,0
54013,54015,109,89
54013,54021,117,0
54013,54087,115,0
54013,54105,117,0
54015,54007,95,0
54015,54039,100,100
54015,54067,96,0
54021,54007,119,0
54021,54013,125,0
54021,54017,120,0
54021,54041,123,0
54021,54085,119,0
54041,54007,118,0
54041,54017,122,0
54041,54021,121,0
54041,54033,122,0
54041,54097,122,0
54041,54101,108,0
54067,54007,106,0
54067,54015,104,0
54067,54039,100,100
54067,54101,104,0
54101,54007,115,0
54101,54025,99,0
54101,54041,111,0
54101,54067,121,0
54101,54075,111,0
54101,54083,110,0
54101,54097,113,0
54079,54035,98,0
54079,54039,100,100
54079,54043,98,0
54079,54053,106,0
54085,54013,124,89
54085,54017,126,0
54085,54021,120,0
54085,54073,130,0
54085,54095,120,0
54085,54105,124,0
54087,54013,113,0
54087,54015,103,11
54087,54039,100,100
54087,54105,112,0
54105,54013,118,0
54105,54035,116,0
54105,54085,116,0
54105,54087,116,0
54105,54107,121,0
54017,54021,126,0
54017,54033,132,0
54017,54041,130,0
54017,54085,132,0
54017,54095,126,0
54017,54103,120,0
54019,54025,92,0
54019,54039,100,100
54019,54067,104,43
54023,54027,168,0
54023,54031,182,0
54023,54057,174,0
54023,54071,179,0
54023,54077,161,0
54023,54083,151,0
54023,54093,170,0
54057,54023,199,0
54057,54027,199,0
54057,54031,196,0
54049,54033,140,0
54049,54061,140,0
54049,54091,138,0
54049,54103,134,0
54061,54049,143,0
54061,54077,140,0
54061,54091,143,0
54061,54103,130,0
